{
  "cols": [
    "h1",
    "h2",
    "h3",
    "h4",
    "h5",
    "h6",
    "h7"
  ],
  "weights": [
    15,
    20,
    10,
    10,
    20,
    15,
    10
  ],
  "data": [
    [
      77.368441715361,
      61.969194223423,
      62.564570947378,
      86.746819972632,
      92.302406229222,
      82.122752985962,
      78.105227720054
    ],
    [
      77.654273000768,
      77.99143326281,
      69.210127770569,
      80.041858164505,
      91.507726194401,
      86.615461333768,
      78.840025290288
    ],
    [
      90.104637314043,
      79.372861693247,
      74.563907521764,
      83.951102826723,
      91.715168026546,
      72.816614052688,
      80.116885538979
    ],
    [
      86.382855453828,
      67.572815061247,
      68.226046397316,
      80.746551056182,
      91.177762925856,
      74.800117400037,
      86.794229205967
    ],
    [
      79.065273288104,
      68.292957205108,
      60.224658417202,
      85.231494886174,
      86.847976130197,
      75.741425776467,
      77.690671238601
    ],
    [
      85.826965954797,
      77.740285212662,
      54.343698822167,
      85.769368047834,
      93.944428518175,
      74.961094471958,
      75.660109677521
    ],
    [
      70.874763568119,
      75.46592569035,
      70.622480624628,
      81.150616712597,
      87.960101110165,
      72.902954894265,
      74.788797250986
    ],
    [
      84.498883864278,
      73.532190376346,
      50.938042493987,
      84.965236860033,
      90.194609202311,
      70.865742026473,
      79.389467242907
    ],
    [
      74.77171748675,
      81.22705074169,
      65.956235891202,
      80.50157011875,
      90.920909270429,
      77.545769191041,
      81.336026103461
    ],
    [
      73.371538348084,
      69.374746614597,
      58.131424484172,
      83.932084266527,
      87.214323078576,
      83.311087553789,
      83.552900974549
    ],
    [
      82.875460211793,
      73.058910513311,
      48.343371210704,
      86.258137537483,
      88.769106266116,
      75.718757101415,
      83.143749009286
    ],
    [
      71.76927779217,
      84.250033868513,
      61.243268698019,
      83.40363985182,
      93.41280684769,
      71.461540233927,
      85.736392086853
    ],
    [
      69.707869105254,
      77.479321958106,
      52.699222014822,
      83.873537116262,
      88.714616115097,
      92.573026123762,
      91.069198456144
    ],
    [
      84.160607695967,
      77.002198941833,
      67.199469450739,
      83.572573389347,
      93.678090466053,
      85.321823500732,
      88.406279186896
    ],
    [
      89.723837464648,
      72.502788134057,
      65.95454898082,
      81.66586559025,
      92.377663137164,
      83.841999436932,
      69.355670168751
    ],
    [
      76.352296211065,
      69.717022997532,
      66.398952169385,
      84.113637382257,
      87.465013784047,
      83.593410583871,
      77.392744790947
    ],
    [
      71.814789043564,
      77.420205826734,
      77.341378056817,
      86.456326503028,
      87.423321700325,
      73.675306241369,
      84.265878761267
    ],
    [
      79.056915192429,
      74.777519924936,
      57.894013156682,
      86.113552503358,
      96.577705771502,
      79.312564943924,
      86.98257801591
    ],
    [
      68.362747665246,
      80.417233703412,
      82.182206203134,
      83.694548042819,
      90.364525576378,
      74.934260959252,
      82.683683748189
    ],
    [
      78.311768440942,
      75.375063120242,
      68.190670616938,
      73.317350847148,
      92.688787523201,
      83.327067391216,
      76.881267588129
    ],
    [
      52.872745893733,
      74.635465537446,
      80.032960984992,
      84.218439749673,
      94.217760288747,
      74.169129116721,
      87.858802772899
    ],
    [
      66.740991750983,
      74.093392223816,
      42.366061138562,
      84.858141456181,
      90.712816598454,
      73.99793386033,
      72.138048084338
    ],
    [
      84.504285333313,
      68.078538517014,
      67.25408793634,
      77.304191497,
      92.118431322531,
      74.97549395298,
      85.59016599192
    ],
    [
      84.204419869706,
      77.24047565886,
      46.962023078048,
      85.988697349986,
      92.064315043206,
      87.804251123419,
      77.097445820525
    ],
    [
      59.955875925086,
      59.924148992179,
      58.315810935264,
      79.252463340794,
      88.597923511541,
      86.134554237446,
      72.898511703939
    ],
    [
      74.571135476248,
      71.511257902584,
      51.512157111585,
      87.490236849495,
      92.493807212772,
      65.570126111439,
      77.198364432876
    ],
    [
      70.308923493326,
      62.7227187274,
      69.736242281832,
      85.620107731099,
      91.611806522856,
      84.618799223104,
      85.645636299647
    ],
    [
      67.980479175342,
      76.56755440663,
      39.962032891658,
      84.992643704494,
      89.912649012248,
      73.879179976424,
      78.748769644924
    ],
    [
      63.425570998594,
      60.006200214363,
      59.9905608722,
      79.656230996768,
      85.64679835266,
      75.998885325807,
      74.007330921097
    ],
    [
      74.47848972693,
      67.410443168902,
      54.378213615131,
      89.385172506069,
      88.421218436082,
      75.529303156174,
      78.512552704154
    ],
    [
      83.710546863012,
      64.07677048177,
      76.177239629806,
      88.84594042487,
      87.955514051667,
      77.594770108558,
      87.960071547528
    ],
    [
      74.783356605079,
      70.438935554604,
      64.709189375751,
      82.632336120908,
      96.060542210532,
      77.497026320317,
      82.63923941169
    ],
    [
      84.144452757023,
      73.766708549514,
      61.621325530253,
      85.517460064398,
      99.224658133521,
      88.318583856431,
      77.595976814156
    ],
    [
      97.733993602897,
      72.68159266031,
      54.262469533975,
      85.732113189885,
      93.452996936382,
      72.990755900774,
      81.130364040937
    ],
    [
      78.187839710107,
      75.232604560319,
      62.33215550615,
      85.571870987698,
      93.107349915234,
      79.589822518805,
      66.893280193052
    ],
    [
      83.529479288816,
      77.988578695193,
      48.898314608252,
      83.890474845696,
      91.26423547538,
      79.051816144676,
      80.236812783109
    ],
    [
      81.716924791609,
      73.683799354131,
      71.409524073072,
      80.233659845292,
      90.868889763283,
      64.17502391254,
      72.488229855919
    ],
    [
      84.263167088548,
      77.813936565516,
      69.562750894395,
      86.390909905563,
      82.641803143528,
      79.147161383664,
      83.02652996943
    ],
    [
      82.584410835024,
      62.661220220655,
      47.838824278856,
      85.730764514618,
      90.312624309953,
      79.087271391077,
      82.604116538745
    ],
    [
      88.540976656788,
      71.844002658161,
      54.58033045177,
      90.339178691013,
      88.123993197477,
      85.78501984973,
      80.992841660071
    ],
    [
      77.428065429236,
      63.290625443194,
      72.587684051334,
      83.562357979572,
      96.400681255014,
      86.990955582583,
      84.768679748552
    ],
    [
      77.877045337051,
      79.366559997454,
      51.163053345513,
      76.174869161788,
      91.122823036857,
      70.846373021727,
      89.075155154994
    ],
    [
      80.421126884758,
      74.451949940403,
      60.347159477158,
      83.05586709239,
      89.230849514983,
      71.213847996075,
      81.504877929001
    ],
    [
      80.628427320945,
      68.511770946169,
      84.138144837321,
      86.049056300133,
      93.963412849502,
      80.917611840341,
      79.896091823038
    ],
    [
      83.521836864367,
      64.086585555304,
      59.717471374828,
      82.580938418117,
      89.331043709808,
      75.016833327341,
      75.807662539789
    ],
    [
      79.240654369901,
      80.631379665654,
      57.237354460504,
